xml,tier_old,tier_new,sr_hmax2_old,sr_hmax2_new,opener,setup,dead,blocked
/common/users/dm1487/scratch_namo/real_buildable/pool1/easy/rb_00001/env.xml,easy,easy,0.8133,1.0,122,28,0,0
/common/users/dm1487/scratch_namo/real_buildable/pool1/easy/rb_00007/env.xml,easy,easy,0.7863,0.9145,92,15,0,18
/common/users/dm1487/scratch_namo/real_buildable/pool1/easy/rb_00065/env.xml,easy,easy,0.56,1.0,42,33,0,0
/common/users/dm1487/scratch_namo/real_buildable/pool1/easy/rb_00081/env.xml,easy,easy,0.6174,1.0,71,44,0,0
/common/users/dm1487/scratch_namo/real_buildable/pool1/easy/rb_00106/env.xml,easy,easy,0.6267,1.0,47,28,0,0
/common/users/dm1487/scratch_namo/real_buildable/pool1/easy/rb_00123/env.xml,easy,easy,0.8933,1.0,38,37,0,0
/common/users/dm1487/scratch_namo/real_buildable/pool1/easy/rb_00138/env.xml,easy,easy,0.596,0.9596,59,36,0,20
/common/users/dm1487/scratch_namo/real_buildable/pool1/easy/rb_00142/env.xml,easy,easy,0.7692,0.9487,50,24,0,16
/common/users/dm1487/scratch_namo/real_buildable/pool1/easy/rb_00154/env.xml,easy,easy,0.4706,1.0,40,45,0,0
/common/users/dm1487/scratch_namo/real_buildable/pool1/easy/rb_00159/env.xml,easy,easy,0.6339,0.8929,71,29,0,40
/common/users/dm1487/scratch_namo/real_buildable/pool1/easy/rb_00162/env.xml,easy,easy,0.6429,0.9524,81,39,0,30
/common/users/dm1487/scratch_namo/real_buildable/pool1/easy/rb_00184/env.xml,easy,easy,0.6504,0.9756,80,40,0,15
/common/users/dm1487/scratch_namo/real_buildable/pool1/easy/rb_00190/env.xml,easy,easy,0.8077,0.9231,105,15,0,30
/common/users/dm1487/scratch_namo/real_buildable/pool1/easy/rb_00197/env.xml,easy,easy,0.5,1.0,55,55,0,0
/common/users/dm1487/scratch_namo/real_buildable/pool1/easy/rb_00199/env.xml,easy,easy,0.6095,0.9333,64,34,0,27
/common/users/dm1487/scratch_namo/real_buildable/pool1/hard/rb_00005/env.xml,easy,easy,0.9062,0.9062,20,38,0,17
/common/users/dm1487/scratch_namo/real_buildable/pool1/hard/rb_00006/env.xml,hard,easy,0.02,0.4133,2,60,86,2
/common/users/dm1487/scratch_namo/real_buildable/pool1/hard/rb_00009/env.xml,easy,easy,0.3981,0.7778,6,78,19,12
/common/users/dm1487/scratch_namo/real_buildable/pool1/hard/rb_00014/env.xml,easy,easy,0.3301,0.932,6,90,0,19
/common/users/dm1487/scratch_namo/real_buildable/pool1/hard/rb_00016/env.xml,easy,easy,0.8125,0.8542,15,26,0,34
/common/users/dm1487/scratch_namo/real_buildable/pool1/hard/rb_00017/env.xml,med,med,0.0693,0.0693,0,7,77,61
/common/users/dm1487/scratch_namo/real_buildable/pool1/hard/rb_00019/env.xml,med,med,0.0556,0.0635,0,8,111,26
/common/users/dm1487/scratch_namo/real_buildable/pool1/hard/rb_00025/env.xml,easy,easy,0.7794,0.9559,21,44,0,10
/common/users/dm1487/scratch_namo/real_buildable/pool1/hard/rb_00030/env.xml,easy,easy,0.9524,0.9524,8,12,0,5
/common/users/dm1487/scratch_namo/real_buildable/pool1/hard/rb_00044/env.xml,easy,easy,0.3281,0.875,21,35,0,19
/common/users/dm1487/scratch_namo/real_buildable/pool1/hard/rb_00048/env.xml,easy,easy,0.6,0.6,3,3,0,14
/common/users/dm1487/scratch_namo/real_buildable/pool1/hard/rb_00052/env.xml,easy,easy,0.3654,0.3654,0,19,30,6
/common/users/dm1487/scratch_namo/real_buildable/pool1/hard/rb_00059/env.xml,easy,easy,0.85,0.8833,18,35,0,22
/common/users/dm1487/scratch_namo/real_buildable/pool1/hard/rb_00060/env.xml,med,med,0.2667,0.2667,0,4,11,0
/common/users/dm1487/scratch_namo/real_buildable/pool1/hard/rb_00064/env.xml,easy,easy,0.3163,0.3061,0,30,61,29
/common/users/dm1487/scratch_namo/real_buildable/pool1/hard/rb_00065/env.xml,hard,easy,0.0355,0.3404,5,43,89,8
/common/users/dm1487/scratch_namo/real_buildable/pool1/hard/rb_00066/env.xml,med,med,0.0795,0.0795,0,7,72,26
/common/users/dm1487/scratch_namo/real_buildable/pool1/hard/rb_00068/env.xml,med,easy,0.2692,0.3846,3,17,30,10
/common/users/dm1487/scratch_namo/real_buildable/pool1/hard/rb_00070/env.xml,easy,easy,0.4043,0.734,5,64,15,26
/common/users/dm1487/scratch_namo/real_buildable/pool1/hard/rb_00094/env.xml,easy,easy,0.35,0.65,1,12,1,21
/common/users/dm1487/scratch_namo/real_buildable/pool1/hard/rb_00096/env.xml,med,med,0.0692,0.0692,0,9,114,27
/common/users/dm1487/scratch_namo/real_buildable/pool1/hard/rb_00102/env.xml,easy,easy,0.8438,0.9219,20,39,0,16
/common/users/dm1487/scratch_namo/real_buildable/pool1/hard/rb_00110/env.xml,hard,easy,0.0077,0.6615,1,85,40,9
/common/users/dm1487/scratch_namo/real_buildable/pool1/hard/rb_00111/env.xml,easy,easy,0.7903,0.9194,4,53,0,18
/common/users/dm1487/scratch_namo/real_buildable/pool1/hard/rb_00114/env.xml,med,med,0.2468,0.2468,0,19,52,14
/common/users/dm1487/scratch_namo/real_buildable/pool1/hard/rb_00126/env.xml,med,med,0.2576,0.2576,0,17,48,5
/common/users/dm1487/scratch_namo/real_buildable/pool1/hard/rb_00127/env.xml,easy,easy,1.0,1.0,16,24,0,0
/common/users/dm1487/scratch_namo/real_buildable/pool1/hard/rb_00133/env.xml,easy,easy,0.36,1.0,15,35,0,0
/common/users/dm1487/scratch_namo/real_buildable/pool1/hard/rb_00135/env.xml,easy,easy,0.3028,0.3028,0,33,71,11
/common/users/dm1487/scratch_namo/real_buildable/pool1/hard/rb_00138/env.xml,med,med,0.0708,0.0796,0,9,92,49
/common/users/dm1487/scratch_namo/real_buildable/pool1/hard/rb_00153/env.xml,easy,easy,0.3571,0.3571,0,15,25,10
/common/users/dm1487/scratch_namo/real_buildable/pool1/hard/rb_00155/env.xml,easy,easy,0.8182,0.8182,14,22,0,39
/common/users/dm1487/scratch_namo/real_buildable/pool1/hard/rb_00157/env.xml,easy,easy,0.7857,0.9286,10,55,0,20
/common/users/dm1487/scratch_namo/real_buildable/pool1/hard/rb_00172/env.xml,easy,easy,0.5634,0.8169,4,54,4,28
/common/users/dm1487/scratch_namo/real_buildable/pool1/hard/rb_00174/env.xml,easy,easy,0.5,0.9583,24,22,0,9
/common/users/dm1487/scratch_namo/real_buildable/pool1/hard/rb_00177/env.xml,easy,easy,0.5,0.5312,0,34,24,17
/common/users/dm1487/scratch_namo/real_buildable/pool1/hard/rb_00184/env.xml,med,easy,0.0795,0.8523,2,73,2,38
/common/users/dm1487/scratch_namo/real_buildable/pool1/hard/rb_00186/env.xml,easy,easy,0.7556,0.9778,13,31,1,0
/common/users/dm1487/scratch_namo/real_buildable/pool1/hard/rb_00191/env.xml,easy,easy,0.6667,0.9425,5,77,0,8
/common/users/dm1487/scratch_namo/real_buildable/pool1/hard/rb_00194/env.xml,easy,easy,0.8333,0.8333,2,3,0,5
/common/users/dm1487/scratch_namo/real_buildable/pool1/hard/rb_00196/env.xml,med,easy,0.1901,0.876,4,102,9,15
/common/users/dm1487/scratch_namo/real_buildable/pool1/hard/rb_00197/env.xml,easy,easy,0.7231,0.9231,8,52,0,15
/common/users/dm1487/scratch_namo/real_buildable/pool1/hard/rb_00200/env.xml,easy,easy,0.6222,1.0,15,30,0,0
/common/users/dm1487/scratch_namo/real_buildable/pool1/hard/rb_00207/env.xml,med,med,0.0508,0.0508,0,6,107,17
/common/users/dm1487/scratch_namo/real_buildable/pool1/hard/rb_00218/env.xml,easy,easy,0.8254,0.9365,20,39,0,16
/common/users/dm1487/scratch_namo/real_buildable/pool1/hard/rb_00224/env.xml,easy,easy,0.4545,0.4545,0,5,0,25
/common/users/dm1487/scratch_namo/real_buildable/pool1/hard/rb_00236/env.xml,easy,easy,0.3669,0.8345,9,107,20,4
/common/users/dm1487/scratch_namo/real_buildable/pool1/hard/rb_00256/env.xml,hard,easy,0.0168,0.7815,2,91,23,9
/common/users/dm1487/scratch_namo/real_buildable/pool1/hard/rb_00259/env.xml,easy,easy,0.3235,0.9412,6,26,1,2
/common/users/dm1487/scratch_namo/real_buildable/pool1/hard/rb_00264/env.xml,hard,easy,0.009,0.8018,1,88,14,22
/common/users/dm1487/scratch_namo/real_buildable/pool1/hard/rb_00265/env.xml,hard,hard,0.025,0.025,0,1,34,15
/common/users/dm1487/scratch_namo/real_buildable/pool1/hard/rb_00270/env.xml,easy,easy,0.587,0.9457,5,82,0,8
/common/users/dm1487/scratch_namo/real_buildable/pool1/hard/rb_00272/env.xml,easy,easy,0.7213,0.9836,19,41,0,5
/common/users/dm1487/scratch_namo/real_buildable/pool1/hard/rb_00273/env.xml,easy,easy,0.36,1.0,5,70,0,0
/common/users/dm1487/scratch_namo/real_buildable/pool1/hard/rb_00274/env.xml,easy,easy,0.825,0.825,12,21,0,32
/common/users/dm1487/scratch_namo/real_buildable/pool1/hard/rb_00282/env.xml,hard,easy,0.0161,0.5806,1,71,50,3
/common/users/dm1487/scratch_namo/real_buildable/pool1/hard/rb_00292/env.xml,med,med,0.0811,0.0811,0,9,95,31
/common/users/dm1487/scratch_namo/real_buildable/pool1/hard/rb_00295/env.xml,hard,hard,0.0085,0.0085,0,1,103,46
/common/users/dm1487/scratch_namo/real_buildable/pool1/hard/rb_00302/env.xml,easy,easy,0.7778,0.9444,22,46,0,7
/common/users/dm1487/scratch_namo/real_buildable/pool1/hard/rb_00316/env.xml,hard,hard,0.0088,0.0088,0,1,108,21
/common/users/dm1487/scratch_namo/real_buildable/pool1/hard/rb_00319/env.xml,easy,easy,0.3014,0.3014,0,22,41,37
/common/users/dm1487/scratch_namo/real_buildable/pool1/hard/rb_00322/env.xml,hard,hard,0.0174,0.0174,0,2,104,39
/common/users/dm1487/scratch_namo/real_buildable/pool1/hard/rb_00327/env.xml,med,med,0.2593,0.2222,0,12,34,34
/common/users/dm1487/scratch_namo/real_buildable/pool1/hard/rb_00334/env.xml,easy,easy,0.3684,0.6491,1,36,9,39
/common/users/dm1487/scratch_namo/real_buildable/pool1/hard/rb_00338/env.xml,easy,easy,0.3197,0.3279,0,40,78,17
/common/users/dm1487/scratch_namo/real_buildable/pool1/hard/rb_00339/env.xml,med,med,0.0794,0.0952,0,12,112,6
/common/users/dm1487/scratch_namo/real_buildable/pool1/hard/rb_00341/env.xml,easy,easy,0.4783,0.4783,0,33,35,2
/common/users/dm1487/scratch_namo/real_buildable/pool1/hard/rb_00347/env.xml,hard,hard,0.0238,0.0238,0,1,36,23
/common/users/dm1487/scratch_namo/real_buildable/pool1/hard/rb_00351/env.xml,easy,easy,0.9091,0.9091,8,12,0,10
/common/users/dm1487/scratch_namo/real_buildable/pool1/hard/rb_00352/env.xml,easy,easy,0.3889,0.8333,7,8,0,15
/common/users/dm1487/scratch_namo/real_buildable/pool1/hard/rb_00353/env.xml,easy,easy,0.7302,0.873,4,51,0,20
/common/users/dm1487/scratch_namo/real_buildable/pool1/hard/rb_00363/env.xml,hard,easy,0.0068,0.7055,1,102,39,8
/common/users/dm1487/scratch_namo/real_buildable/pool1/hard/rb_00366/env.xml,hard,med,0.0338,0.1486,4,18,123,15
/common/users/dm1487/scratch_namo/real_buildable/pool1/hard/rb_00390/env.xml,med,easy,0.1919,0.7778,4,73,13,25
/common/users/dm1487/scratch_namo/real_buildable/pool1/hard/rb_00392/env.xml,easy,easy,0.8095,0.9365,19,40,0,16
/common/users/dm1487/scratch_namo/real_buildable/pool1/hard/rb_00406/env.xml,med,med,0.0526,0.0526,0,5,82,38
/common/users/dm1487/scratch_namo/real_buildable/pool1/hard/rb_00408/env.xml,med,med,0.0619,0.0619,0,7,92,46
/common/users/dm1487/scratch_namo/real_buildable/pool1/hard/rb_00410/env.xml,med,easy,0.175,0.75,7,23,10,0
/common/users/dm1487/scratch_namo/real_buildable/pool1/hard/rb_00412/env.xml,easy,easy,0.4167,0.7315,6,73,22,14
/common/users/dm1487/scratch_namo/real_buildable/pool1/hard/rb_00420/env.xml,hard,hard,0.0091,0.0091,0,1,109,0
/common/users/dm1487/scratch_namo/real_buildable/pool1/hard/rb_00422/env.xml,easy,easy,0.8857,0.9429,11,22,0,7
/common/users/dm1487/scratch_namo/real_buildable/pool1/hard/rb_00423/env.xml,easy,easy,0.625,0.625,4,16,10,10
/common/users/dm1487/scratch_namo/real_buildable/pool1/hard/rb_00430/env.xml,hard,med,0.0165,0.1818,2,20,98,5
/common/users/dm1487/scratch_namo/real_buildable/pool1/hard/rb_00438/env.xml,hard,med,0.0286,0.2429,2,32,105,1
/common/users/dm1487/scratch_namo/real_buildable/pool1/hard/rb_00439/env.xml,med,easy,0.1714,0.6571,2,44,8,61
/common/users/dm1487/scratch_namo/real_buildable/pool1/hard/rb_00441/env.xml,hard,hard,0.0086,0.0086,0,1,113,6
/common/users/dm1487/scratch_namo/real_buildable/pool1/hard/rb_00444/env.xml,med,med,0.1975,0.1975,0,16,64,5
/common/users/dm1487/scratch_namo/real_buildable/pool1/hard/rb_00445/env.xml,easy,easy,0.5,0.8929,6,44,5,5
/common/users/dm1487/scratch_namo/real_buildable/pool1/hard/rb_00448/env.xml,med,med,0.1975,0.1975,0,16,62,7
/common/users/dm1487/scratch_namo/real_buildable/pool1/hard/rb_00458/env.xml,hard,hard,0.0189,0.0189,0,1,44,30
/common/users/dm1487/scratch_namo/real_buildable/pool1/hard/rb_00460/env.xml,med,easy,0.0679,0.679,2,108,47,8
/common/users/dm1487/scratch_namo/real_buildable/pool1/hard/rb_00463/env.xml,easy,easy,0.375,0.375,0,3,0,22
/common/users/dm1487/scratch_namo/real_buildable/pool1/hard/rb_00473/env.xml,easy,easy,0.6667,0.9524,21,19,0,10
/common/users/dm1487/scratch_namo/real_buildable/pool1/hard/rb_00474/env.xml,easy,easy,0.9167,0.9167,24,20,0,11
/common/users/dm1487/scratch_namo/real_buildable/pool1/hard/rb_00490/env.xml,easy,easy,0.5769,0.7564,7,52,13,18
/common/users/dm1487/scratch_namo/real_buildable/pool1/hard/rb_00492/env.xml,med,easy,0.1057,0.7561,1,92,23,19
/common/users/dm1487/scratch_namo/real_buildable/pool1/hard/rb_00495/env.xml,med,easy,0.2857,0.4762,3,27,27,18
/common/users/dm1487/scratch_namo/real_buildable/pool1/hard/rb_00497/env.xml,easy,easy,0.9783,0.9783,18,27,0,5
/common/users/dm1487/scratch_namo/real_buildable/pool1/med/rb_00000/env.xml,easy,easy,0.3659,0.5976,2,47,20,41
/common/users/dm1487/scratch_namo/real_buildable/pool1/med/rb_00007/env.xml,easy,easy,0.3684,0.6754,6,71,28,25
/common/users/dm1487/scratch_namo/real_buildable/pool1/med/rb_00008/env.xml,hard,easy,0.0082,0.5656,1,68,46,20
/common/users/dm1487/scratch_namo/real_buildable/pool1/med/rb_00009/env.xml,med,easy,0.2778,0.6204,4,63,28,35
/common/users/dm1487/scratch_namo/real_buildable/pool1/med/rb_00010/env.xml,hard,hard,0.0088,0.0088,0,1,108,11
/common/users/dm1487/scratch_namo/real_buildable/pool1/med/rb_00011/env.xml,hard,hard,0.0114,0.0227,0,2,77,36
/common/users/dm1487/scratch_namo/real_buildable/pool1/med/rb_00013/env.xml,med,med,0.0865,0.0865,0,9,77,64
/common/users/dm1487/scratch_namo/real_buildable/pool1/med/rb_00016/env.xml,hard,easy,0.0163,0.8374,2,101,17,5
/common/users/dm1487/scratch_namo/real_buildable/pool1/med/rb_00018/env.xml,hard,hard,0.036,0.036,0,5,129,16
/common/users/dm1487/scratch_namo/real_buildable/pool1/med/rb_00020/env.xml,easy,easy,0.3793,0.7931,6,86,17,21
/common/users/dm1487/scratch_namo/real_buildable/pool1/med/rb_00024/env.xml,hard,easy,0.021,0.5245,2,73,64,6
/common/users/dm1487/scratch_namo/real_buildable/pool1/med/rb_00025/env.xml,med,med,0.0547,0.0547,0,7,116,12
/common/users/dm1487/scratch_namo/real_buildable/pool1/med/rb_00026/env.xml,hard,easy,0.0323,0.5081,2,61,52,25
/common/users/dm1487/scratch_namo/real_buildable/pool1/med/rb_00035/env.xml,hard,hard,0.0226,0.0226,0,3,123,24
/common/users/dm1487/scratch_namo/real_buildable/pool1/med/rb_00039/env.xml,med,easy,0.0795,0.6821,5,98,41,16
/common/users/dm1487/scratch_namo/real_buildable/pool1/med/rb_00041/env.xml,easy,easy,0.44,0.96,22,26,0,2
/common/users/dm1487/scratch_namo/real_buildable/pool1/med/rb_00043/env.xml,easy,easy,0.3011,0.3011,0,28,54,43
/common/users/dm1487/scratch_namo/real_buildable/pool1/med/rb_00051/env.xml,med,easy,0.0833,0.8917,5,102,13,0
/common/users/dm1487/scratch_namo/real_buildable/pool1/med/rb_00052/env.xml,med,med,0.0515,0.0515,0,7,123,20
/common/users/dm1487/scratch_namo/real_buildable/pool1/med/rb_00054/env.xml,med,easy,0.0916,0.8779,1,114,12,8
/common/users/dm1487/scratch_namo/real_buildable/pool1/med/rb_00060/env.xml,med,med,0.0625,0.0625,0,9,132,9
/common/users/dm1487/scratch_namo/real_buildable/pool1/med/rb_00061/env.xml,med,easy,0.05,0.5214,1,72,58,14
/common/users/dm1487/scratch_namo/real_buildable/pool1/med/rb_00062/env.xml,hard,easy,0.0244,0.7642,3,91,28,3
/common/users/dm1487/scratch_namo/real_buildable/pool1/med/rb_00063/env.xml,easy,easy,0.4051,0.8734,5,64,1,35
/common/users/dm1487/scratch_namo/real_buildable/pool1/med/rb_00064/env.xml,hard,hard,0.0137,0.0137,0,2,141,7
/common/users/dm1487/scratch_namo/real_buildable/pool1/med/rb_00067/env.xml,med,easy,0.0827,0.6165,2,80,46,12
/common/users/dm1487/scratch_namo/real_buildable/pool1/med/rb_00089/env.xml,med,easy,0.0769,0.4359,4,64,85,7
/common/users/dm1487/scratch_namo/real_buildable/pool1/med/rb_00091/env.xml,med,med,0.0619,0.0619,0,7,90,53
/common/users/dm1487/scratch_namo/real_buildable/pool1/med/rb_00095/env.xml,med,med,0.0803,0.0803,0,11,123,6
/common/users/dm1487/scratch_namo/real_buildable/pool1/med/rb_00097/env.xml,hard,easy,0.0282,0.6549,1,92,47,5
/common/users/dm1487/scratch_namo/real_buildable/pool1/med/rb_00098/env.xml,easy,easy,0.3233,0.3459,0,46,84,15
/common/users/dm1487/scratch_namo/real_buildable/pool1/med/rb_00101/env.xml,easy,easy,0.4144,0.8198,7,84,12,22
/common/users/dm1487/scratch_namo/real_buildable/pool1/med/rb_00104/env.xml,easy,easy,0.369,0.7262,5,56,16,28
/common/users/dm1487/scratch_namo/real_buildable/pool1/med/rb_00106/env.xml,med,easy,0.0745,0.646,10,94,51,10
/common/users/dm1487/scratch_namo/real_buildable/pool1/med/rb_00113/env.xml,med,easy,0.089,0.7877,10,105,26,9
/common/users/dm1487/scratch_namo/real_buildable/pool1/med/rb_00114/env.xml,med,easy,0.0576,0.5899,1,81,52,11
/common/users/dm1487/scratch_namo/real_buildable/pool1/med/rb_00121/env.xml,med,med,0.0636,0.0545,0,6,90,54
/common/users/dm1487/scratch_namo/real_buildable/pool1/med/rb_00122/env.xml,hard,hard,0.0403,0.0403,0,5,110,35
/common/users/dm1487/scratch_namo/real_buildable/pool1/med/rb_00125/env.xml,med,easy,0.1333,0.7467,3,109,38,0
/common/users/dm1487/scratch_namo/real_buildable/pool1/med/rb_00127/env.xml,hard,hard,0.0083,0.0,0,0,117,13
/common/users/dm1487/scratch_namo/real_buildable/pool1/med/rb_00128/env.xml,easy,easy,0.4194,0.9032,2,82,3,13
/common/users/dm1487/scratch_namo/real_buildable/pool1/med/rb_00130/env.xml,med,med,0.0696,0.0696,0,8,95,42
/common/users/dm1487/scratch_namo/real_buildable/pool1/med/rb_00135/env.xml,med,med,0.1515,0.1515,1,4,25,10
/common/users/dm1487/scratch_namo/real_buildable/pool1/med/rb_00143/env.xml,med,med,0.0833,0.2308,10,26,117,12
/common/users/dm1487/scratch_namo/real_buildable/pool1/med/rb_00147/env.xml,easy,easy,0.6875,0.6875,1,10,0,19
/common/users/dm1487/scratch_namo/real_buildable/pool1/med/rb_00148/env.xml,hard,easy,0.0377,0.4528,4,44,43,49
/common/users/dm1487/scratch_namo/real_buildable/pool1/med/rb_00152/env.xml,med,easy,0.2043,0.8065,4,71,11,24
/common/users/dm1487/scratch_namo/real_buildable/pool1/med/rb_00156/env.xml,easy,easy,0.3243,0.3243,0,36,65,34
/common/users/dm1487/scratch_namo/real_buildable/pool1/med/rb_00161/env.xml,easy,easy,0.3308,0.594,6,73,47,14
/common/users/dm1487/scratch_namo/real_buildable/pool1/med/rb_00162/env.xml,hard,easy,0.0138,0.6345,1,91,53,0
/common/users/dm1487/scratch_namo/real_buildable/pool1/med/rb_00164/env.xml,hard,hard,0.0073,0.0073,0,1,131,18
/common/users/dm1487/scratch_namo/real_buildable/pool1/med/rb_00166/env.xml,med,easy,0.0692,0.4462,9,49,63,29
/common/users/dm1487/scratch_namo/real_buildable/pool1/med/rb_00168/env.xml,easy,easy,0.8125,0.8542,15,26,0,34
/common/users/dm1487/scratch_namo/real_buildable/pool1/med/rb_00171/env.xml,hard,easy,0.0342,0.7863,3,89,22,11
/common/users/dm1487/scratch_namo/real_buildable/pool1/med/rb_00174/env.xml,hard,hard,0.024,0.024,0,3,112,35
/common/users/dm1487/scratch_namo/real_buildable/pool1/med/rb_00176/env.xml,easy,easy,0.386,0.9474,5,49,0,11
/common/users/dm1487/scratch_namo/real_buildable/pool1/med/rb_00179/env.xml,med,easy,0.0552,0.7034,3,99,41,7
/common/users/dm1487/scratch_namo/real_buildable/pool1/med/rb_00180/env.xml,med,med,0.0826,0.0826,0,9,87,34
/common/users/dm1487/scratch_namo/real_buildable/pool1/med/rb_00188/env.xml,med,easy,0.0764,0.3631,9,48,93,10
/common/users/dm1487/scratch_namo/real_buildable/pool1/med/rb_00195/env.xml,med,med,0.0756,0.0756,0,9,106,10
/common/users/dm1487/scratch_namo/real_buildable/pool1/med/rb_00211/env.xml,easy,easy,0.7027,0.9189,9,25,0,6
/common/users/dm1487/scratch_namo/real_buildable/pool1/med/rb_00217/env.xml,easy,easy,0.312,0.312,0,39,85,1
/common/users/dm1487/scratch_namo/real_buildable/pool1/med/rb_00225/env.xml,hard,hard,0.0142,0.0142,0,2,136,12
/common/users/dm1487/scratch_namo/real_buildable/pool1/med/rb_00228/env.xml,hard,hard,0.0072,0.0072,0,1,133,16
/common/users/dm1487/scratch_namo/real_buildable/pool1/med/rb_00230/env.xml,easy,easy,0.3504,0.8832,8,113,14,5
/common/users/dm1487/scratch_namo/real_buildable/pool1/med/rb_00232/env.xml,easy,easy,0.3854,0.75,5,67,17,26
/common/users/dm1487/scratch_namo/real_buildable/pool1/med/rb_00233/env.xml,hard,easy,0.0097,0.6602,1,67,24,33
/common/users/dm1487/scratch_namo/real_buildable/pool1/med/rb_00234/env.xml,med,med,0.0526,0.0602,0,8,119,23
/common/users/dm1487/scratch_namo/real_buildable/pool1/med/rb_00239/env.xml,med,med,0.0763,0.0763,0,9,104,12
/common/users/dm1487/scratch_namo/real_buildable/pool1/med/rb_00243/env.xml,hard,hard,0.0362,0.029,0,4,128,18
/common/users/dm1487/scratch_namo/real_buildable/pool1/med/rb_00246/env.xml,med,easy,0.1954,0.5632,2,47,24,42
/common/users/dm1487/scratch_namo/real_buildable/pool1/med/rb_00249/env.xml,hard,med,0.0308,0.1385,1,17,112,0
/common/users/dm1487/scratch_namo/real_buildable/pool1/med/rb_00266/env.xml,easy,easy,0.386,0.6754,6,71,29,29
/common/users/dm1487/scratch_namo/real_buildable/pool1/med/rb_00268/env.xml,easy,easy,0.4068,0.9407,6,105,2,12
/common/users/dm1487/scratch_namo/real_buildable/pool1/med/rb_00279/env.xml,med,med,0.0833,0.0833,0,10,101,39
/common/users/dm1487/scratch_namo/real_buildable/pool1/med/rb_00281/env.xml,easy,easy,0.3222,0.3222,0,29,44,57
/common/users/dm1487/scratch_namo/real_buildable/pool1/med/rb_00282/env.xml,hard,easy,0.0224,0.5224,3,67,61,4
/common/users/dm1487/scratch_namo/real_buildable/pool1/med/rb_00283/env.xml,easy,easy,0.3229,0.3229,0,31,55,39
/common/users/dm1487/scratch_namo/real_buildable/pool1/med/rb_00284/env.xml,med,med,0.0661,0.0661,0,8,104,38
/common/users/dm1487/scratch_namo/real_buildable/pool1/med/rb_00286/env.xml,easy,easy,0.3761,0.8803,7,96,9,13
/common/users/dm1487/scratch_namo/real_buildable/pool1/med/rb_00288/env.xml,easy,easy,0.7952,0.988,26,56,0,3
/common/users/dm1487/scratch_namo/real_buildable/pool1/med/rb_00291/env.xml,easy,easy,0.4222,0.7037,7,88,35,15
/common/users/dm1487/scratch_namo/real_buildable/pool1/med/rb_00293/env.xml,med,easy,0.0719,0.6691,5,88,43,4
/common/users/dm1487/scratch_namo/real_buildable/pool1/med/rb_00297/env.xml,med,easy,0.0769,0.5577,10,77,59,14
/common/users/dm1487/scratch_namo/real_buildable/pool2/hard_201/rb_00001/env.xml,easy,easy,0.8235,0.8627,16,28,0,31
/common/users/dm1487/scratch_namo/real_buildable/pool2/hard_201/rb_00009/env.xml,easy,easy,0.8,0.8833,18,35,0,27
/common/users/dm1487/scratch_namo/real_buildable/pool2/hard_201/rb_00010/env.xml,easy,easy,0.9091,0.9091,4,6,0,5
/common/users/dm1487/scratch_namo/real_buildable/pool2/hard_201/rb_00011/env.xml,easy,easy,0.6125,0.75,4,56,9,26
/common/users/dm1487/scratch_namo/real_buildable/pool2/hard_201/rb_00014/env.xml,med,med,0.069,0.069,0,8,105,7
/common/users/dm1487/scratch_namo/real_buildable/pool2/hard_201/rb_00019/env.xml,med,easy,0.2195,0.3659,1,14,23,12
/common/users/dm1487/scratch_namo/real_buildable/pool2/hard_201/rb_00020/env.xml,easy,easy,0.4833,0.4833,0,29,28,8
/common/users/dm1487/scratch_namo/real_buildable/pool2/hard_201/rb_00029/env.xml,easy,easy,0.4444,0.6852,1,36,9,24
/common/users/dm1487/scratch_namo/real_buildable/pool2/hard_201/rb_00033/env.xml,easy,easy,0.8767,0.9452,23,46,0,6
/common/users/dm1487/scratch_namo/real_buildable/pool2/hard_201/rb_00042/env.xml,hard,hard,0.0284,0.0284,0,4,133,13
/common/users/dm1487/scratch_namo/real_buildable/pool2/hard_201/rb_00046/env.xml,easy,easy,0.78,0.86,15,28,0,32
/common/users/dm1487/scratch_namo/real_buildable/pool2/hard_201/rb_00048/env.xml,easy,easy,0.775,0.9,12,24,0,14
/common/users/dm1487/scratch_namo/real_buildable/pool2/hard_201/rb_00054/env.xml,easy,easy,0.5439,0.8947,14,37,0,24
/common/users/dm1487/scratch_namo/real_buildable/pool2/hard_201/rb_00058/env.xml,easy,easy,0.6964,0.9107,9,42,4,5
/common/users/dm1487/scratch_namo/real_buildable/pool2/hard_201/rb_00061/env.xml,med,med,0.0889,0.0889,0,4,32,34
/common/users/dm1487/scratch_namo/real_buildable/pool2/hard_201/rb_00064/env.xml,easy,easy,0.8333,0.8056,15,14,0,21
/common/users/dm1487/scratch_namo/real_buildable/pool2/hard_201/rb_00065/env.xml,easy,easy,0.8889,0.9048,19,38,0,18
/common/users/dm1487/scratch_namo/real_buildable/pool2/hard_201/rb_00075/env.xml,easy,easy,0.8696,0.8478,13,26,0,21
/common/users/dm1487/scratch_namo/real_buildable/pool2/hard_201/rb_00077/env.xml,hard,easy,0.0377,0.8396,4,85,11,15
/common/users/dm1487/scratch_namo/real_buildable/pool2/hard_202/rb_00002/env.xml,easy,easy,0.48,0.48,0,25,19,31
/common/users/dm1487/scratch_namo/real_buildable/pool2/hard_202/rb_00003/env.xml,hard,hard,0.0392,0.0392,0,4,84,47
/common/users/dm1487/scratch_namo/real_buildable/pool2/hard_202/rb_00005/env.xml,easy,easy,0.4531,0.6875,2,44,9,40
/common/users/dm1487/scratch_namo/real_buildable/pool2/hard_202/rb_00006/env.xml,easy,easy,0.3511,0.7863,7,96,25,7
/common/users/dm1487/scratch_namo/real_buildable/pool2/hard_202/rb_00013/env.xml,easy,easy,0.3333,0.3333,0,2,1,12
/common/users/dm1487/scratch_namo/real_buildable/pool2/hard_202/rb_00015/env.xml,easy,easy,0.3393,0.3393,0,19,30,21
/common/users/dm1487/scratch_namo/real_buildable/pool2/hard_202/rb_00017/env.xml,easy,easy,0.375,0.6833,6,76,32,6
/common/users/dm1487/scratch_namo/real_buildable/pool2/hard_202/rb_00020/env.xml,easy,easy,0.6585,0.9024,19,18,0,13
/common/users/dm1487/scratch_namo/real_buildable/pool2/hard_202/rb_00026/env.xml,easy,easy,0.525,1.0,3,37,0,0
/common/users/dm1487/scratch_namo/real_buildable/pool2/hard_202/rb_00027/env.xml,med,easy,0.05,0.4429,1,61,78,0
/common/users/dm1487/scratch_namo/real_buildable/pool2/hard_202/rb_00030/env.xml,med,easy,0.2,0.7167,11,32,10,27
/common/users/dm1487/scratch_namo/real_buildable/pool2/hard_202/rb_00031/env.xml,easy,easy,0.3483,0.7753,0,69,6,45
/common/users/dm1487/scratch_namo/real_buildable/pool2/hard_202/rb_00036/env.xml,easy,easy,0.4364,0.8,2,42,1,35
/common/users/dm1487/scratch_namo/real_buildable/pool2/hard_202/rb_00039/env.xml,hard,easy,0.0333,0.675,4,77,35,9
/common/users/dm1487/scratch_namo/real_buildable/pool2/hard_202/rb_00042/env.xml,hard,easy,0.0326,0.7391,3,65,18,19
/common/users/dm1487/scratch_namo/real_buildable/pool2/hard_202/rb_00045/env.xml,easy,easy,0.4059,0.9406,6,89,1,14
/common/users/dm1487/scratch_namo/real_buildable/pool2/hard_202/rb_00048/env.xml,easy,easy,0.3068,0.9205,12,69,0,19
/common/users/dm1487/scratch_namo/real_buildable/pool2/hard_202/rb_00050/env.xml,easy,easy,0.6,0.6,2,10,5,13
/common/users/dm1487/scratch_namo/real_buildable/pool2/hard_202/rb_00053/env.xml,med,easy,0.2321,0.8571,10,38,0,32
/common/users/dm1487/scratch_namo/real_buildable/pool2/hard_202/rb_00054/env.xml,easy,easy,0.3582,0.7164,8,88,36,3
/common/users/dm1487/scratch_namo/real_buildable/pool2/hard_202/rb_00058/env.xml,easy,easy,0.7833,0.9167,9,46,3,7
/common/users/dm1487/scratch_namo/real_buildable/pool2/hard_202/rb_00061/env.xml,easy,easy,0.32,0.92,5,87,2,16
/common/users/dm1487/scratch_namo/real_buildable/pool2/hard_202/rb_00063/env.xml,med,med,0.0796,0.0885,0,10,100,5
/common/users/dm1487/scratch_namo/real_buildable/pool2/hard_202/rb_00070/env.xml,easy,easy,0.6591,0.9091,2,38,0,10
/common/users/dm1487/scratch_namo/real_buildable/pool2/hard_202/rb_00074/env.xml,easy,easy,0.5647,0.9529,2,79,0,9
/common/users/dm1487/scratch_namo/real_buildable/pool2/hard_203/rb_00007/env.xml,easy,easy,0.4359,0.7863,4,88,15,23
/common/users/dm1487/scratch_namo/real_buildable/pool2/hard_203/rb_00012/env.xml,hard,hard,0.0104,0.0,0,0,84,41
/common/users/dm1487/scratch_namo/real_buildable/pool2/hard_203/rb_00016/env.xml,hard,med,0.0431,0.0517,0,6,100,44
/common/users/dm1487/scratch_namo/real_buildable/pool2/hard_203/rb_00018/env.xml,easy,easy,0.3103,0.8391,14,59,6,21
/common/users/dm1487/scratch_namo/real_buildable/pool2/hard_203/rb_00020/env.xml,hard,easy,0.0367,0.5872,3,61,37,14
/common/users/dm1487/scratch_namo/real_buildable/pool2/hard_203/rb_00021/env.xml,easy,easy,0.56,0.85,6,79,7,13
/common/users/dm1487/scratch_namo/real_buildable/pool2/hard_203/rb_00026/env.xml,med,hard,0.0526,0.0351,0,4,100,36
/common/users/dm1487/scratch_namo/real_buildable/pool2/hard_203/rb_00030/env.xml,easy,easy,0.6452,0.8387,4,22,4,5
/common/users/dm1487/scratch_namo/real_buildable/pool2/hard_203/rb_00032/env.xml,easy,easy,0.5833,0.6667,6,42,16,31
/common/users/dm1487/scratch_namo/real_buildable/pool2/hard_203/rb_00033/env.xml,med,easy,0.1455,0.7909,6,81,19,9
/common/users/dm1487/scratch_namo/real_buildable/pool2/hard_203/rb_00034/env.xml,easy,easy,0.3118,0.9677,19,71,1,4
/common/users/dm1487/scratch_namo/real_buildable/pool2/hard_203/rb_00035/env.xml,med,med,0.0612,0.0714,0,7,74,64
/common/users/dm1487/scratch_namo/real_buildable/pool2/hard_203/rb_00037/env.xml,easy,easy,0.4839,0.4839,0,30,27,18
/common/users/dm1487/scratch_namo/real_buildable/pool2/hard_203/rb_00038/env.xml,med,easy,0.1774,0.7097,3,85,31,6
/common/users/dm1487/scratch_namo/real_buildable/pool2/hard_203/rb_00048/env.xml,easy,easy,0.4828,0.4828,0,42,44,4
/common/users/dm1487/scratch_namo/real_buildable/pool2/hard_203/rb_00050/env.xml,hard,easy,0.0397,0.3968,4,46,65,30
/common/users/dm1487/scratch_namo/real_buildable/pool2/hard_203/rb_00053/env.xml,easy,easy,0.8873,0.9296,22,44,0,9
/common/users/dm1487/scratch_namo/real_buildable/pool2/hard_203/rb_00064/env.xml,easy,easy,0.3704,0.3704,2,8,15,10
/common/users/dm1487/scratch_namo/real_buildable/pool2/hard_203/rb_00066/env.xml,med,easy,0.2222,0.8182,6,75,14,10
/common/users/dm1487/scratch_namo/real_buildable/pool2/hard_203/rb_00067/env.xml,med,med,0.2727,0.2727,0,24,59,22
/common/users/dm1487/scratch_namo/real_buildable/pool2/hard_203/rb_00069/env.xml,easy,easy,0.7927,0.9634,25,54,0,6
/common/users/dm1487/scratch_namo/real_buildable/pool2/hard_203/rb_00070/env.xml,med,med,0.056,0.064,0,8,108,34
/common/users/dm1487/scratch_namo/real_buildable/pool2/hard_203/rb_00071/env.xml,med,med,0.0641,0.0641,0,5,63,37
/common/users/dm1487/scratch_namo/real_buildable/pool2/hard_203/rb_00073/env.xml,easy,easy,0.8333,0.9333,18,38,0,14
/common/users/dm1487/scratch_namo/real_buildable/pool2/hard_204/rb_00004/env.xml,med,easy,0.1111,0.8485,5,79,10,11
/common/users/dm1487/scratch_namo/real_buildable/pool2/hard_204/rb_00009/env.xml,easy,easy,0.3253,0.5422,1,44,24,41
/common/users/dm1487/scratch_namo/real_buildable/pool2/hard_204/rb_00012/env.xml,hard,easy,0.0305,0.4962,3,62,61,9
/common/users/dm1487/scratch_namo/real_buildable/pool2/hard_204/rb_00014/env.xml,easy,easy,0.439,0.8171,5,62,4,39
/common/users/dm1487/scratch_namo/real_buildable/pool2/hard_204/rb_00018/env.xml,hard,hard,0.0435,0.0435,0,5,99,41
/common/users/dm1487/scratch_namo/real_buildable/pool2/hard_204/rb_00020/env.xml,med,easy,0.0643,0.8,3,109,20,23
/common/users/dm1487/scratch_namo/real_buildable/pool2/hard_204/rb_00024/env.xml,easy,med,0.3048,0.2952,0,31,66,33
/common/users/dm1487/scratch_namo/real_buildable/pool2/hard_204/rb_00037/env.xml,easy,easy,0.5185,0.7222,5,34,11,15
/common/users/dm1487/scratch_namo/real_buildable/pool2/hard_204/rb_00042/env.xml,easy,easy,0.5088,0.9649,29,26,0,10
/common/users/dm1487/scratch_namo/real_buildable/pool2/hard_204/rb_00059/env.xml,easy,easy,0.4839,0.9677,15,15,0,5
/common/users/dm1487/scratch_namo/real_buildable/pool2/hard_204/rb_00072/env.xml,easy,easy,0.6154,0.7538,7,42,13,8
/common/users/dm1487/scratch_namo/real_buildable/pool2/hard_204/rb_00078/env.xml,med,med,0.25,0.25,0,1,0,14
/common/users/dm1487/scratch_namo/real_buildable/pool2/hard_205/rb_00006/env.xml,easy,easy,0.4,0.84,1,62,3,19
/common/users/dm1487/scratch_namo/real_buildable/pool2/hard_205/rb_00010/env.xml,easy,easy,0.321,0.9136,26,48,0,11
/common/users/dm1487/scratch_namo/real_buildable/pool2/hard_205/rb_00013/env.xml,med,easy,0.1226,0.717,6,70,26,13
/common/users/dm1487/scratch_namo/real_buildable/pool2/hard_205/rb_00016/env.xml,easy,easy,0.3529,0.7941,12,15,0,33
/common/users/dm1487/scratch_namo/real_buildable/pool2/hard_205/rb_00017/env.xml,hard,hard,0.027,0.027,0,2,65,28
/common/users/dm1487/scratch_namo/real_buildable/pool2/hard_205/rb_00034/env.xml,easy,easy,0.8627,0.8824,16,29,0,30
/common/users/dm1487/scratch_namo/real_buildable/pool2/hard_205/rb_00043/env.xml,easy,easy,0.52,0.82,6,35,9,0
/common/users/dm1487/scratch_namo/real_buildable/pool2/hard_205/rb_00045/env.xml,easy,easy,0.6167,0.9667,8,50,0,7
/common/users/dm1487/scratch_namo/real_buildable/pool2/hard_205/rb_00048/env.xml,easy,easy,0.8833,0.9167,19,36,0,20
/common/users/dm1487/scratch_namo/real_buildable/pool2/hard_205/rb_00050/env.xml,easy,easy,0.625,0.625,2,3,0,15
/common/users/dm1487/scratch_namo/real_buildable/pool2/hard_205/rb_00051/env.xml,med,easy,0.197,0.8939,13,46,6,5
/common/users/dm1487/scratch_namo/real_buildable/pool2/hard_205/rb_00054/env.xml,easy,easy,0.3263,0.3263,0,31,45,49
/common/users/dm1487/scratch_namo/real_buildable/pool2/hard_205/rb_00058/env.xml,med,easy,0.1667,0.5417,2,37,19,47
/common/users/dm1487/scratch_namo/real_buildable/pool2/hard_205/rb_00062/env.xml,easy,easy,0.65,0.9167,2,53,0,20
/common/users/dm1487/scratch_namo/real_buildable/pool2/hard_205/rb_00064/env.xml,hard,hard,0.0426,0.0426,0,4,81,30
/common/users/dm1487/scratch_namo/real_buildable/pool2/hard_205/rb_00065/env.xml,med,med,0.1714,0.1714,0,12,58,0
/common/users/dm1487/scratch_namo/real_buildable/pool2/hard_205/rb_00069/env.xml,easy,easy,0.451,0.8824,23,22,0,30
/common/users/dm1487/scratch_namo/real_buildable/pool2/hard_205/rb_00073/env.xml,easy,easy,0.4143,0.7714,1,53,9,22
/common/users/dm1487/scratch_namo/real_buildable/pool2/hard_205/rb_00075/env.xml,easy,easy,0.3333,0.3333,0,1,0,9
/common/users/dm1487/scratch_namo/real_buildable/pool2/hard_205/rb_00077/env.xml,med,easy,0.1154,0.7115,6,31,9,24
/common/users/dm1487/scratch_namo/real_buildable/pool2/hard_206/rb_00006/env.xml,easy,easy,0.9615,0.9615,20,30,0,10
/common/users/dm1487/scratch_namo/real_buildable/pool2/hard_206/rb_00009/env.xml,med,med,0.0756,0.0756,0,9,99,32
/common/users/dm1487/scratch_namo/real_buildable/pool2/hard_206/rb_00010/env.xml,easy,easy,0.8571,0.8929,17,33,0,25
/common/users/dm1487/scratch_namo/real_buildable/pool2/hard_206/rb_00011/env.xml,hard,hard,0.0268,0.0268,0,3,99,38
/common/users/dm1487/scratch_namo/real_buildable/pool2/hard_206/rb_00012/env.xml,easy,easy,0.9756,0.9756,16,24,0,5
/common/users/dm1487/scratch_namo/real_buildable/pool2/hard_206/rb_00018/env.xml,med,easy,0.1633,0.6531,8,24,10,28
/common/users/dm1487/scratch_namo/real_buildable/pool2/hard_206/rb_00020/env.xml,med,med,0.0811,0.1081,0,8,60,32
/common/users/dm1487/scratch_namo/real_buildable/pool2/hard_206/rb_00027/env.xml,hard,hard,0.02,0.02,0,2,92,21
/common/users/dm1487/scratch_namo/real_buildable/pool2/hard_206/rb_00033/env.xml,easy,easy,0.4027,0.7919,9,109,30,2
/common/users/dm1487/scratch_namo/real_buildable/pool2/hard_206/rb_00041/env.xml,easy,easy,0.8,1.0,8,42,0,0
/common/users/dm1487/scratch_namo/real_buildable/pool2/hard_206/rb_00055/env.xml,easy,easy,0.381,0.5952,2,48,25,25
/common/users/dm1487/scratch_namo/real_buildable/pool2/hard_206/rb_00058/env.xml,easy,easy,0.86,0.94,16,31,0,8
/common/users/dm1487/scratch_namo/real_buildable/pool2/hard_206/rb_00066/env.xml,med,med,0.2778,0.2778,1,4,10,15
/common/users/dm1487/scratch_namo/real_buildable/pool2/hard_206/rb_00067/env.xml,easy,easy,0.4182,0.9273,23,28,0,9
/common/users/dm1487/scratch_namo/real_buildable/pool2/hard_206/rb_00068/env.xml,hard,hard,0.0364,0.0364,0,2,47,26
/common/users/dm1487/scratch_namo/real_buildable/pool2/hard_206/rb_00069/env.xml,easy,easy,0.8,0.9385,20,41,0,14
/common/users/dm1487/scratch_namo/real_buildable/pool2/hard_206/rb_00071/env.xml,hard,easy,0.0373,0.7015,1,93,35,6
/common/users/dm1487/scratch_namo/real_buildable/pool2/hard_206/rb_00075/env.xml,med,easy,0.2294,0.7798,7,78,20,15
/common/users/dm1487/scratch_namo/real_buildable/pool2/hard_206/rb_00079/env.xml,hard,hard,0.0086,0.0086,0,1,111,8
/common/users/dm1487/scratch_namo/real_buildable/pool2/hard_207/rb_00000/env.xml,easy,easy,0.4211,0.8421,4,60,0,41
/common/users/dm1487/scratch_namo/real_buildable/pool2/hard_207/rb_00002/env.xml,easy,easy,0.5714,0.9286,17,22,0,6
/common/users/dm1487/scratch_namo/real_buildable/pool2/hard_207/rb_00008/env.xml,easy,easy,0.9545,0.9545,8,13,0,4
/common/users/dm1487/scratch_namo/real_buildable/pool2/hard_207/rb_00010/env.xml,easy,easy,0.8571,0.8571,3,9,0,3
/common/users/dm1487/scratch_namo/real_buildable/pool2/hard_207/rb_00011/env.xml,easy,easy,0.3647,0.8353,5,66,4,35
/common/users/dm1487/scratch_namo/real_buildable/pool2/hard_207/rb_00013/env.xml,easy,easy,0.3455,0.7636,1,41,4,29
/common/users/dm1487/scratch_namo/real_buildable/pool2/hard_207/rb_00014/env.xml,easy,easy,0.5652,0.6739,3,28,10,14
/common/users/dm1487/scratch_namo/real_buildable/pool2/hard_207/rb_00016/env.xml,easy,easy,0.4259,0.4259,0,23,25,22
/common/users/dm1487/scratch_namo/real_buildable/pool2/hard_207/rb_00019/env.xml,easy,easy,0.5385,0.8077,3,18,4,5
/common/users/dm1487/scratch_namo/real_buildable/pool2/hard_207/rb_00021/env.xml,hard,easy,0.0385,0.8365,4,83,14,9
/common/users/dm1487/scratch_namo/real_buildable/pool2/hard_207/rb_00031/env.xml,easy,easy,0.5714,0.8214,4,19,3,9
/common/users/dm1487/scratch_namo/real_buildable/pool2/hard_207/rb_00037/env.xml,easy,easy,0.6226,0.9434,6,44,0,10
/common/users/dm1487/scratch_namo/real_buildable/pool2/hard_207/rb_00039/env.xml,easy,easy,0.7333,1.0,9,21,0,0
/common/users/dm1487/scratch_namo/real_buildable/pool2/hard_207/rb_00049/env.xml,easy,easy,0.8364,0.8727,16,32,0,27
/common/users/dm1487/scratch_namo/real_buildable/pool2/hard_207/rb_00053/env.xml,med,med,0.0603,0.0603,0,7,97,46
/common/users/dm1487/scratch_namo/real_buildable/pool2/hard_207/rb_00055/env.xml,hard,easy,0.0138,0.7172,1,103,40,1
/common/users/dm1487/scratch_namo/real_buildable/pool2/hard_207/rb_00060/env.xml,easy,easy,0.36,0.88,8,14,0,18
/common/users/dm1487/scratch_namo/real_buildable/pool2/hard_207/rb_00064/env.xml,med,med,0.069,0.069,0,2,24,9
/common/users/dm1487/scratch_namo/real_buildable/pool2/hard_207/rb_00071/env.xml,easy,easy,0.4933,0.48,0,36,34,15
/common/users/dm1487/scratch_namo/real_buildable/pool2/hard_207/rb_00075/env.xml,easy,easy,0.45,1.0,9,11,0,0
/common/users/dm1487/scratch_namo/real_buildable/pool2/hard_208/rb_00005/env.xml,med,med,0.0732,0.0732,0,6,66,43
/common/users/dm1487/scratch_namo/real_buildable/pool2/hard_208/rb_00021/env.xml,easy,easy,0.6071,0.9643,10,17,0,3
/common/users/dm1487/scratch_namo/real_buildable/pool2/hard_208/rb_00022/env.xml,easy,easy,0.7429,0.9286,21,44,0,25
/common/users/dm1487/scratch_namo/real_buildable/pool2/hard_208/rb_00024/env.xml,easy,easy,0.9524,0.9524,8,12,0,5
/common/users/dm1487/scratch_namo/real_buildable/pool2/hard_208/rb_00029/env.xml,easy,easy,0.3889,0.8611,4,58,1,37
/common/users/dm1487/scratch_namo/real_buildable/pool2/hard_208/rb_00033/env.xml,easy,easy,0.8511,0.9787,7,39,0,9
/common/users/dm1487/scratch_namo/real_buildable/pool2/hard_208/rb_00036/env.xml,easy,easy,0.9394,0.9697,12,20,0,3
/common/users/dm1487/scratch_namo/real_buildable/pool2/hard_208/rb_00038/env.xml,easy,easy,0.8511,0.8511,14,26,0,30
/common/users/dm1487/scratch_namo/real_buildable/pool2/hard_208/rb_00042/env.xml,easy,easy,0.3011,0.8817,17,65,5,8
/common/users/dm1487/scratch_namo/real_buildable/pool2/hard_208/rb_00043/env.xml,easy,easy,0.3247,0.3247,0,25,44,36
/common/users/dm1487/scratch_namo/real_buildable/pool2/hard_208/rb_00047/env.xml,easy,easy,0.3333,0.3444,0,31,55,19
/common/users/dm1487/scratch_namo/real_buildable/pool2/hard_208/rb_00063/env.xml,hard,hard,0.0204,0.0408,0,2,39,34
/common/users/dm1487/scratch_namo/real_buildable/pool2/hard_208/rb_00071/env.xml,easy,easy,0.7183,0.9718,22,47,0,6
/common/users/dm1487/scratch_namo/real_buildable/pool2/hard_208/rb_00075/env.xml,easy,easy,0.3725,0.7843,13,27,10,5
/common/users/dm1487/scratch_namo/real_buildable/pool2/hard_208/rb_00078/env.xml,easy,easy,0.5088,0.9123,8,44,0,13
/common/users/dm1487/scratch_namo/real_buildable/pool2/med_301/rb_00010/env.xml,hard,easy,0.0438,0.7007,2,94,32,17
/common/users/dm1487/scratch_namo/real_buildable/pool2/med_301/rb_00015/env.xml,easy,easy,0.36,0.78,6,72,15,22
/common/users/dm1487/scratch_namo/real_buildable/pool2/med_301/rb_00020/env.xml,easy,easy,0.315,0.5512,5,65,48,32
/common/users/dm1487/scratch_namo/real_buildable/pool2/med_301/rb_00024/env.xml,med,easy,0.0606,0.8409,6,105,18,6
/common/users/dm1487/scratch_namo/real_buildable/pool2/med_301/rb_00027/env.xml,med,med,0.0671,0.1745,10,16,120,14
/common/users/dm1487/scratch_namo/real_buildable/pool2/med_301/rb_00032/env.xml,easy,easy,0.8222,0.8222,14,23,0,38
/common/users/dm1487/scratch_namo/real_buildable/pool2/med_301/rb_00045/env.xml,easy,easy,0.381,0.7714,1,80,12,27
/common/users/dm1487/scratch_namo/real_buildable/pool2/med_301/rb_00047/env.xml,easy,easy,0.8214,0.8929,17,33,0,25
/common/users/dm1487/scratch_namo/real_buildable/pool2/med_301/rb_00054/env.xml,med,easy,0.0781,0.7344,3,91,30,6
/common/users/dm1487/scratch_namo/real_buildable/pool2/med_301/rb_00067/env.xml,hard,easy,0.0229,0.6641,3,84,40,8
/common/users/dm1487/scratch_namo/real_buildable/pool2/med_301/rb_00068/env.xml,easy,easy,0.5,0.8854,4,81,4,16
/common/users/dm1487/scratch_namo/real_buildable/pool2/med_301/rb_00070/env.xml,hard,easy,0.0342,0.7778,2,89,20,19
/common/users/dm1487/scratch_namo/real_buildable/pool2/med_301/rb_00075/env.xml,med,med,0.0826,0.0826,0,10,110,5
/common/users/dm1487/scratch_namo/real_buildable/pool2/med_301/rb_00082/env.xml,med,easy,0.2019,0.4712,2,47,45,31
/common/users/dm1487/scratch_namo/real_buildable/pool2/med_301/rb_00083/env.xml,hard,hard,0.0177,0.0177,0,2,108,10
/common/users/dm1487/scratch_namo/real_buildable/pool2/med_301/rb_00086/env.xml,med,med,0.0634,0.0704,0,10,127,13
/common/users/dm1487/scratch_namo/real_buildable/pool2/med_302/rb_00007/env.xml,easy,easy,0.8667,0.9,18,36,0,21
/common/users/dm1487/scratch_namo/real_buildable/pool2/med_302/rb_00013/env.xml,easy,easy,0.4957,0.7043,7,74,26,18
/common/users/dm1487/scratch_namo/real_buildable/pool2/med_302/rb_00014/env.xml,easy,easy,0.3237,0.3237,0,45,87,18
/common/users/dm1487/scratch_namo/real_buildable/pool2/med_302/rb_00019/env.xml,easy,easy,0.725,1.0,3,37,0,0
/common/users/dm1487/scratch_namo/real_buildable/pool2/med_302/rb_00023/env.xml,hard,easy,0.0427,0.3077,4,32,70,29
/common/users/dm1487/scratch_namo/real_buildable/pool2/med_302/rb_00026/env.xml,med,med,0.0635,0.0635,0,8,111,26
/common/users/dm1487/scratch_namo/real_buildable/pool2/med_302/rb_00027/env.xml,med,med,0.0577,0.1923,5,25,121,9
/common/users/dm1487/scratch_namo/real_buildable/pool2/med_302/rb_00028/env.xml,hard,hard,0.0364,0.0364,0,4,99,27
/common/users/dm1487/scratch_namo/real_buildable/pool2/med_302/rb_00044/env.xml,easy,easy,0.3333,0.3535,0,35,48,47
/common/users/dm1487/scratch_namo/real_buildable/pool2/med_302/rb_00045/env.xml,med,easy,0.0608,0.777,9,106,30,5
/common/users/dm1487/scratch_namo/real_buildable/pool2/med_302/rb_00049/env.xml,easy,easy,0.4643,0.4643,0,26,29,5
/common/users/dm1487/scratch_namo/real_buildable/pool2/med_302/rb_00052/env.xml,easy,easy,0.7273,1.0,9,46,0,0
/common/users/dm1487/scratch_namo/real_buildable/pool2/med_302/rb_00053/env.xml,med,easy,0.2059,0.6985,4,91,34,16
/common/users/dm1487/scratch_namo/real_buildable/pool2/med_302/rb_00064/env.xml,easy,easy,0.407,0.9419,2,79,0,14
/common/users/dm1487/scratch_namo/real_buildable/pool2/med_302/rb_00065/env.xml,med,easy,0.0649,0.4935,8,68,76,8
/common/users/dm1487/scratch_namo/real_buildable/pool2/med_302/rb_00067/env.xml,easy,easy,0.6933,0.76,19,38,10,33
/common/users/dm1487/scratch_namo/real_buildable/pool2/med_302/rb_00068/env.xml,med,med,0.0806,0.0806,0,10,105,35
/common/users/dm1487/scratch_namo/real_buildable/pool2/med_302/rb_00072/env.xml,hard,easy,0.0377,0.8019,2,83,13,22
/common/users/dm1487/scratch_namo/real_buildable/pool2/med_302/rb_00077/env.xml,med,easy,0.0909,0.7552,2,106,32,5
/common/users/dm1487/scratch_namo/real_buildable/pool2/med_303/rb_00006/env.xml,hard,easy,0.0323,0.529,1,81,67,11
/common/users/dm1487/scratch_namo/real_buildable/pool2/med_303/rb_00009/env.xml,hard,hard,0.0413,0.0413,0,5,106,39
/common/users/dm1487/scratch_namo/real_buildable/pool2/med_303/rb_00011/env.xml,hard,hard,0.0168,0.0168,0,2,105,43
/common/users/dm1487/scratch_namo/real_buildable/pool2/med_303/rb_00012/env.xml,med,easy,0.0788,0.7758,6,122,36,1
/common/users/dm1487/scratch_namo/real_buildable/pool2/med_303/rb_00014/env.xml,med,easy,0.0789,0.75,2,112,34,12
/common/users/dm1487/scratch_namo/real_buildable/pool2/med_303/rb_00022/env.xml,med,med,0.0703,0.0703,0,9,112,29
/common/users/dm1487/scratch_namo/real_buildable/pool2/med_303/rb_00027/env.xml,med,easy,0.1194,0.806,5,103,24,3
/common/users/dm1487/scratch_namo/real_buildable/pool2/med_303/rb_00040/env.xml,easy,easy,0.4267,0.68,5,46,16,28
/common/users/dm1487/scratch_namo/real_buildable/pool2/med_303/rb_00041/env.xml,easy,easy,0.3333,0.5476,3,43,27,32
/common/users/dm1487/scratch_namo/real_buildable/pool2/med_303/rb_00049/env.xml,easy,easy,0.4589,0.8288,8,113,22,7
/common/users/dm1487/scratch_namo/real_buildable/pool2/med_303/rb_00057/env.xml,med,easy,0.25,0.5938,2,17,10,11
/common/users/dm1487/scratch_namo/real_buildable/pool2/med_303/rb_00066/env.xml,med,easy,0.2936,0.5046,3,52,42,33
/common/users/dm1487/scratch_namo/real_buildable/pool2/med_303/rb_00070/env.xml,hard,easy,0.029,0.6449,4,85,46,5
/common/users/dm1487/scratch_namo/real_buildable/pool2/med_303/rb_00071/env.xml,hard,hard,0.0189,0.0189,0,2,92,46
/common/users/dm1487/scratch_namo/real_buildable/pool2/med_303/rb_00083/env.xml,easy,easy,0.4143,0.8714,2,59,0,29
/common/users/dm1487/scratch_namo/real_buildable/pool2/med_303/rb_00089/env.xml,easy,easy,0.7931,0.8793,18,33,0,34
/common/users/dm1487/scratch_namo/real_buildable/pool2/med_304/rb_00006/env.xml,hard,easy,0.0216,0.5755,3,77,58,2
/common/users/dm1487/scratch_namo/real_buildable/pool2/med_304/rb_00008/env.xml,med,med,0.0753,0.086,0,8,76,21
/common/users/dm1487/scratch_namo/real_buildable/pool2/med_304/rb_00021/env.xml,med,easy,0.0541,0.6486,5,67,29,29
/common/users/dm1487/scratch_namo/real_buildable/pool2/med_304/rb_00022/env.xml,med,med,0.0654,0.2026,8,23,119,15
/common/users/dm1487/scratch_namo/real_buildable/pool2/med_304/rb_00026/env.xml,med,med,0.0814,0.0814,0,7,70,28
/common/users/dm1487/scratch_namo/real_buildable/pool2/med_304/rb_00039/env.xml,easy,easy,0.331,0.7676,10,99,31,5
/common/users/dm1487/scratch_namo/real_buildable/pool2/med_304/rb_00042/env.xml,hard,easy,0.0155,0.7132,1,91,33,15
/common/users/dm1487/scratch_namo/real_buildable/pool2/med_304/rb_00049/env.xml,easy,easy,0.65,1.0,2,18,0,0
/common/users/dm1487/scratch_namo/real_buildable/pool2/med_304/rb_00060/env.xml,med,easy,0.24,1.0,6,19,0,0
/common/users/dm1487/scratch_namo/real_buildable/pool2/med_304/rb_00063/env.xml,med,easy,0.2522,0.8609,7,92,12,9
/common/users/dm1487/scratch_namo/real_buildable/pool2/med_304/rb_00067/env.xml,med,easy,0.0642,0.7431,3,78,21,18
/common/users/dm1487/scratch_namo/real_buildable/pool2/med_304/rb_00078/env.xml,hard,easy,0.0114,0.7955,0,70,9,31
/common/users/dm1487/scratch_namo/real_buildable/pool3/h2_401/rb_00017/env.xml,easy,easy,0.797,0.9173,106,16,0,23
/common/users/dm1487/scratch_namo/real_buildable/pool3/h2_401/rb_00060/env.xml,easy,easy,0.5882,0.9664,70,45,0,20
/common/users/dm1487/scratch_namo/real_buildable/pool3/h2_402/rb_00024/env.xml,easy,easy,0.7874,0.9055,100,15,0,25
/common/users/dm1487/scratch_namo/real_buildable/pool3/h2_402/rb_00041/env.xml,easy,easy,0.8142,0.9469,92,15,0,18
/common/users/dm1487/scratch_namo/real_buildable/pool3/h2_402/rb_00042/env.xml,easy,easy,0.791,0.9701,106,24,0,20
/common/users/dm1487/scratch_namo/real_buildable/pool3/h2_402/rb_00059/env.xml,easy,easy,0.3333,0.9561,15,94,0,21
/common/users/dm1487/scratch_namo/real_buildable/pool3/h2_402/rb_00065/env.xml,easy,easy,0.8056,0.9722,87,18,0,15
/common/users/dm1487/scratch_namo/real_buildable/pool3/h2_402/rb_00075/env.xml,easy,easy,0.7933,0.98,119,28,0,3
/common/users/dm1487/scratch_namo/real_buildable/pool3/h2_403/rb_00001/env.xml,easy,easy,0.5243,0.9709,54,46,0,15
/common/users/dm1487/scratch_namo/real_buildable/pool3/h2_403/rb_00006/env.xml,easy,easy,0.6111,0.9722,66,39,0,15
/common/users/dm1487/scratch_namo/real_buildable/pool3/h2_404/rb_00027/env.xml,easy,easy,0.8154,0.9615,106,19,0,25
/common/users/dm1487/scratch_namo/real_buildable/pool3/h2_404/rb_00076/env.xml,easy,easy,0.6356,0.9746,75,40,0,15
/common/users/dm1487/scratch_namo/real_buildable/pool3/h2_404/rb_00078/env.xml,easy,easy,0.7547,0.8962,80,15,0,35
/common/users/dm1487/scratch_namo/real_buildable/pool3/h2_406/rb_00001/env.xml,easy,easy,0.7867,1.0,118,32,0,0
/common/users/dm1487/scratch_namo/real_buildable/pool3/h2_406/rb_00045/env.xml,easy,easy,0.7971,0.9058,110,15,0,25
/common/users/dm1487/scratch_namo/real_buildable/pool3/h2_407/rb_00043/env.xml,easy,easy,0.64,1.0,80,45,0,0
/common/users/dm1487/scratch_namo/real_buildable/pool3/h2_408/rb_00009/env.xml,easy,easy,0.8125,0.9297,104,15,0,21
/common/users/dm1487/scratch_namo/real_buildable/pool3/h2_408/rb_00026/env.xml,easy,easy,0.5856,0.9459,65,40,0,30
/common/users/dm1487/scratch_namo/real_buildable/pool3/h2_410/rb_00043/env.xml,hard,hard,0.0165,0.0413,1,4,114,6
/common/users/dm1487/scratch_namo/real_buildable/pool3/h2_410/rb_00045/env.xml,easy,easy,0.7983,0.9244,95,15,0,25
/common/users/dm1487/scratch_namo/real_buildable/pool3/h2_410/rb_00049/env.xml,easy,easy,0.6385,0.9615,83,42,0,25
/common/users/dm1487/scratch_namo/real_buildable/pool3/h2_412/rb_00043/env.xml,easy,easy,0.8056,0.9722,87,18,0,15
/common/users/dm1487/scratch_namo/real_buildable/pool3/h2_412/rb_00073/env.xml,easy,easy,0.8087,0.9565,93,17,0,25
/common/users/dm1487/scratch_namo/real_buildable/pool4/j_501/rb_00004/env.xml,med,med,0.0543,0.0543,0,5,71,54
/common/users/dm1487/scratch_namo/real_buildable/pool4/j_501/rb_00005/env.xml,easy,easy,0.3667,0.6417,6,71,35,18
/common/users/dm1487/scratch_namo/real_buildable/pool4/j_501/rb_00009/env.xml,hard,hard,0.0261,0.0174,0,2,110,13
/common/users/dm1487/scratch_namo/real_buildable/pool4/j_501/rb_00014/env.xml,med,med,0.0865,0.0865,0,9,88,28
/common/users/dm1487/scratch_namo/real_buildable/pool4/j_501/rb_00015/env.xml,hard,hard,0.0273,0.0273,0,3,103,14
/common/users/dm1487/scratch_namo/real_buildable/pool4/j_502/rb_00007/env.xml,hard,hard,0.0067,0.0067,0,1,149,0
/common/users/dm1487/scratch_namo/real_buildable/pool4/j_502/rb_00010/env.xml,hard,med,0.0446,0.0536,0,6,103,11
/common/users/dm1487/scratch_namo/real_buildable/pool4/j_504/rb_00004/env.xml,hard,hard,0.0442,0.0442,0,5,105,15
/common/users/dm1487/scratch_namo/real_buildable/pool4/j_505/rb_00001/env.xml,hard,hard,0.0179,0.0179,0,2,104,19
/common/users/dm1487/scratch_namo/real_buildable/pool4/j_506/rb_00006/env.xml,med,med,0.0638,0.0638,0,6,73,36
/common/users/dm1487/scratch_namo/real_buildable/pool4/j_507/rb_00005/env.xml,easy,easy,0.3028,0.9083,19,80,1,25
/common/users/dm1487/scratch_namo/real_buildable/pool4/j_507/rb_00007/env.xml,med,med,0.0714,0.0714,0,8,96,31
/common/users/dm1487/scratch_namo/real_buildable/pool4/j_507/rb_00008/env.xml,hard,hard,0.027,0.027,0,3,104,13
/common/users/dm1487/scratch_namo/real_buildable/pool4/j_509/rb_00014/env.xml,hard,easy,0.027,0.9279,3,100,5,7
/common/users/dm1487/scratch_namo/real_buildable/pool4/j_510/rb_00000/env.xml,med,easy,0.2826,0.75,2,67,12,44
/common/users/dm1487/scratch_namo/real_buildable/pool4/j_515/rb_00010/env.xml,med,easy,0.1478,0.6087,3,67,38,27
/common/users/dm1487/scratch_namo/real_buildable/pool4/j_515/rb_00012/env.xml,hard,hard,0.0159,0.0159,0,2,121,7
/common/users/dm1487/scratch_namo/real_buildable/pool4/j_515/rb_00014/env.xml,hard,hard,0.0455,0.0455,0,5,100,15
/common/users/dm1487/scratch_namo/real_buildable/pool4/j_516/rb_00006/env.xml,med,easy,0.1765,0.6765,1,68,24,37
/common/users/dm1487/scratch_namo/real_buildable/pool4/j_516/rb_00008/env.xml,hard,hard,0.037,0.037,0,4,90,36
/common/users/dm1487/scratch_namo/real_buildable/pool4/j_517/rb_00002/env.xml,med,med,0.0556,0.0556,0,7,118,5
/common/users/dm1487/scratch_namo/real_buildable/pool4/j_517/rb_00003/env.xml,hard,hard,0.0231,0.0231,0,3,127,0
/common/users/dm1487/scratch_namo/real_buildable/pool4/j_517/rb_00008/env.xml,hard,hard,0.0259,0.0259,0,3,112,5
/common/users/dm1487/scratch_namo/real_buildable/pool4/j_517/rb_00013/env.xml,hard,hard,0.0179,0.0179,0,2,104,19
/common/users/dm1487/scratch_namo/real_buildable/pool4/j_517/rb_00014/env.xml,hard,hard,0.0351,0.0263,0,3,106,21
/common/users/dm1487/scratch_namo/real_buildable/pool4/j_517/rb_00017/env.xml,easy,easy,0.3714,0.781,3,79,14,19
/common/users/dm1487/scratch_namo/real_buildable/pool4/j_517/rb_00018/env.xml,hard,hard,0.008,0.008,0,1,124,0
/common/users/dm1487/scratch_namo/real_buildable/pool4/j_518/rb_00009/env.xml,hard,hard,0.0364,0.0364,0,4,98,33
/common/users/dm1487/scratch_namo/real_buildable/pool4/j_519/rb_00000/env.xml,easy,easy,0.3103,0.3017,0,35,77,13
/common/users/dm1487/scratch_namo/real_buildable/pool4/j_519/rb_00005/env.xml,easy,easy,0.3299,0.8969,28,59,1,42
/common/users/dm1487/scratch_namo/real_buildable/pool4/j_519/rb_00009/env.xml,med,easy,0.0862,0.7845,6,85,22,7
/common/users/dm1487/scratch_namo/real_buildable/pool4/j_520/rb_00003/env.xml,med,med,0.0673,0.0673,0,7,83,30
/common/users/dm1487/scratch_namo/real_buildable/pool4/j_520/rb_00014/env.xml,med,easy,0.1667,0.4815,2,50,46,32
/common/users/dm1487/scratch_namo/real_buildable/pool4/j_521/rb_00001/env.xml,hard,hard,0.0323,0.0323,0,4,119,2
/common/users/dm1487/scratch_namo/real_buildable/pool4/j_521/rb_00010/env.xml,hard,hard,0.0467,0.0467,0,5,95,25
/common/users/dm1487/scratch_namo/real_buildable/pool4/j_522/rb_00004/env.xml,med,easy,0.0893,0.5,6,50,53,11
/common/users/dm1487/scratch_namo/real_buildable/pool4/j_522/rb_00008/env.xml,hard,hard,0.0085,0.0085,0,1,114,10
/common/users/dm1487/scratch_namo/real_buildable/pool4/j_522/rb_00017/env.xml,hard,easy,0.0098,0.6176,1,62,30,22
/common/users/dm1487/scratch_namo/real_buildable/pool4/j_523/rb_00000/env.xml,hard,hard,0.0091,0.0091,0,1,102,27
/common/users/dm1487/scratch_namo/real_buildable/pool4/j_524/rb_00012/env.xml,easy,easy,0.3423,0.8829,34,64,3,19
/common/users/dm1487/scratch_namo/real_buildable/pool4b/j_601/rb_00010/env.xml,hard,med,0.0476,0.2762,3,26,70,21
